object,color,seed,prompt,path,sha256
apple,black,20,a photo of a black apple,apple/black/seed_0020.png,e6bb062062062b48abd50797f3205b3be30e7a029db461b7daa2b5a87613300a
apple,black,3,a photo of a black apple,apple/black/seed_0003.png,bed24f46fc1933bb15ffbf98cdba9774e1cd4309693998eb2da2719331031796
apple,black,0,a photo of a black apple,apple/black/seed_0000.png,27b587a2351761607486657ee24373bfdd7a1b7339b62ef750de00f4847304d0
apple,blue,23,a photo of a blue apple,apple/blue/seed_0023.png,da00dd37ce95eee97fd02fa346caecef2c8323f14eebf34b8da6fd8fb8486801
apple,blue,8,a photo of a blue apple,apple/blue/seed_0008.png,fa0deb83d65221e6ad088074f6c853f1c39a95cf944385af4aac4a29bc62570f
apple,blue,7,a photo of a blue apple,apple/blue/seed_0007.png,f4544e2c578f70d19cab19a30561c4be821cf466e1e87dc27363ca8ce069973d
apple,brown,7,a photo of a brown apple,apple/brown/seed_0007.png,af2326ed4b7eba8b20a07f09306edaae387c7685a68b40fe15056f879e6c3a95
apple,brown,4,a photo of a brown apple,apple/brown/seed_0004.png,78994d41ee655ab207a88ba04705016e8cce20008345431c11fed14ee85af723
apple,brown,23,a photo of a brown apple,apple/brown/seed_0023.png,6c4bed868ecbbf491869b6d26650304d1a195973c94d069ad4f867debea703ea
apple,green,3,a photo of a green apple,apple/green/seed_0003.png,3e78a5218f498376b6fd901653088fd65a95268dced7b58e8fe870feaad8b5f0
apple,green,21,a photo of a green apple,apple/green/seed_0021.png,9aef7b595be4c4779ac269cad025a75cf680b80be2862f48b0231e89c8fb4f86
apple,green,23,a photo of a green apple,apple/green/seed_0023.png,8812badc0c16ba44829d3bbb721c11a577f9ca1a31df7c40b26066e12108af7b
apple,orange,28,a photo of a orange apple,apple/orange/seed_0028.png,a40438829b3db749f7c9837803ad5a34f4852738d67cab56985a71d05e31822a
apple,orange,17,a photo of a orange apple,apple/orange/seed_0017.png,255d529505ba11654e20caa37cb97e3bb9687bde6cd34c0832984b38bdf9ab7a
apple,orange,2,a photo of a orange apple,apple/orange/seed_0002.png,49fce5d07efa19bbff9d6b9fdaf673a82be0104ae9e931d0cd0af438bc698865
apple,pink,18,a photo of a pink apple,apple/pink/seed_0018.png,299dabd60977d237dcefbb3cc224867a7502dc39b65186c4566374cc455e8a64
apple,pink,13,a photo of a pink apple,apple/pink/seed_0013.png,443ec91ec078736829ae723be8d581ebf8f353764caa359442c8edce647fc817
apple,pink,1,a photo of a pink apple,apple/pink/seed_0001.png,4769c73d65eb2c43463815961d5bae2435b9a25faee7ea8536c9ffecc3ea1490
apple,purple,0,a photo of a purple apple,apple/purple/seed_0000.png,3e4c1c1d89f961afa35330c5b0f8660fc6c69f46c1c8328426148117296d5850
apple,purple,2,a photo of a purple apple,apple/purple/seed_0002.png,d7857c31422ea1ea063129b8db1b8b9ce1d36835369ede5ef7ff15f44e8cef46
apple,purple,6,a photo of a purple apple,apple/purple/seed_0006.png,b7e98259accb17dd4859b065626a9da32966dc3c22348aa5b477af120b22874a
apple,red,7,a photo of a red apple,apple/red/seed_0007.png,4888c03938e2600857bb2ad419cceaed6f3bdb22ff50cd0760655cdcd3f2dc66
apple,red,16,a photo of a red apple,apple/red/seed_0016.png,9cbf5ab4fa407b38bb4718c9a452b39eb3319f0d2c3d17445910252cfc53af23
apple,red,19,a photo of a red apple,apple/red/seed_0019.png,a8f5626018dc1d12f3421d0e5b43994bc0bf43182a979dec590e56b27e0108c0
apple,white,0,a photo of a white apple,apple/white/seed_0000.png,2dca57bc43d56ea2e98794b07d29fc6ee6a46857bdd59c33a00d04ec5f79630f
apple,white,17,a photo of a white apple,apple/white/seed_0017.png,7166628dd402da95f4963c0ab8478262b6d8aae7c87198a1fa2bd08039815a97
apple,white,6,a photo of a white apple,apple/white/seed_0006.png,40bd587ec2fdfe8f64d5e1250b11f0bf401e2dcd0c19dba389f46cbc5376bb77
apple,yellow,22,a photo of a yellow apple,apple/yellow/seed_0022.png,a9a6312efbf4b706e9e05f69c139b78c5a8348dc833b6eb9d2125524cedf033c
apple,yellow,20,a photo of a yellow apple,apple/yellow/seed_0020.png,836fa60619f8dcbe63ab1a0b151823cd74847a3a81cf0daf6fdf489a5ed52095
apple,yellow,17,a photo of a yellow apple,apple/yellow/seed_0017.png,634e66a3eb9d2f7936aa58bfbc1723ff3c13019fd6367a65d8413842fe793bc3
bag,black,13,a photo of a black bag,bag/black/seed_0013.png,136f23679db40fed0091e36ce3d6bf3cb5bb1c3b326bce366ed1163e0cdce828
bag,black,7,a photo of a black bag,bag/black/seed_0007.png,bf9f05af792183501fe9d22be329bcde9380ea4a486b4d58c8ffb7fd5704c4d2
bag,black,14,a photo of a black bag,bag/black/seed_0014.png,a8959d0d7fbf676949afd723c5ea022d219871224b2bf1b82dce844f6d0611f1
bag,blue,18,a photo of a blue bag,bag/blue/seed_0018.png,b094e7e8c7f3a6469964c77cdbc8b6ecf4d24bb5d0c6a90353f97fb658348c66
bag,blue,8,a photo of a blue bag,bag/blue/seed_0008.png,d08f530fb9cd93426fc857d33057e900179f2bd0f3c5d964cee5ee6c65b7af24
bag,blue,25,a photo of a blue bag,bag/blue/seed_0025.png,eff0b3af983e1e38f40e0786ddb75bcf29347964e69c09e112ba21d7790f9638
bag,brown,27,a photo of a brown bag,bag/brown/seed_0027.png,e10eb1cff11325654731b9a5ca29010c4b6fae00c6d439a8c198235a10427826
bag,brown,0,a photo of a brown bag,bag/brown/seed_0000.png,698fab71182280322388b42b702fda8841e11881cbd10b6fe16215d04e22426b
bag,brown,24,a photo of a brown bag,bag/brown/seed_0024.png,e1eeac75c5e47a4cc73713bb6bb51bb12cfd4f9c66c770c7c776646162c64703
bag,green,25,a photo of a green bag,bag/green/seed_0025.png,813862466e1b5672121ac1aee772b04a875a03fa31a6f25da99dcfffa358d888
bag,green,5,a photo of a green bag,bag/green/seed_0005.png,d7ce30c9b6d4d69477609909f03b15a5292fef27ea341e3614252df094d7851f
bag,green,22,a photo of a green bag,bag/green/seed_0022.png,c900c527d435e51e698a38607d40f6f689e20cd8f3f4fba74a5d7d337052382b
bag,orange,13,a photo of a orange bag,bag/orange/seed_0013.png,c103ac5e53dda5accca5fd41d9824b83bfb66dcdab6915164238c956644c9a22
bag,orange,10,a photo of a orange bag,bag/orange/seed_0010.png,723ba598408e121ffed6b5eb0599360f1c2fb914e7a73d80c8a1057bc5588f56
bag,orange,8,a photo of a orange bag,bag/orange/seed_0008.png,00e47cbac2930353f633839bfd354724e589f7a8197a010ca3f0790a223f1445
bag,pink,4,a photo of a pink bag,bag/pink/seed_0004.png,bedafa246e13374382db585b3b30edcf2581efe9258fd4877b95a4f1eb539b60
bag,pink,6,a photo of a pink bag,bag/pink/seed_0006.png,31231aecf8e8023ca0bbabdae9ec62cfa014351784b3ea53ec4b6fa674086d24
bag,pink,24,a photo of a pink bag,bag/pink/seed_0024.png,08cd8b20c2c683091c670174312dc48c27c3abba41d65429392480bd59304626
bag,purple,10,a photo of a purple bag,bag/purple/seed_0010.png,890f062bac2e3644774db7153a1aa834a88ca9a953077309df57de436cc6fbd7
bag,purple,3,a photo of a purple bag,bag/purple/seed_0003.png,9c28795a934e99cf6481005e8495f2230729cc0ad68c9aafb98f3b2fde9bf90d
bag,purple,2,a photo of a purple bag,bag/purple/seed_0002.png,8ba23d1728845829a41cb6c64b9088115cba628017b2659ed7b5b90832daf594
bag,red,12,a photo of a red bag,bag/red/seed_0012.png,4b75b693f262279678cd842faa395f9bf2689dfa28a0e0ad56db40214fc4e139
bag,red,3,a photo of a red bag,bag/red/seed_0003.png,805cc7e11a41355d2b5df9cf704679c20009ecf289a1343d89d714a9800e3031
bag,red,11,a photo of a red bag,bag/red/seed_0011.png,21b57a497af4e38c704d08132513b671f192d62e4b057211f6f8f5e94da4b065
bag,white,27,a photo of a white bag,bag/white/seed_0027.png,ed59647309fcf0e68caf1a732eb5fc5a7b0d457eca572b4cc95e80dff7c64ad6
bag,white,11,a photo of a white bag,bag/white/seed_0011.png,723e614bae958ed85b3a9bb7f878b8ea727f7dc100cca1f610dc9e762c86e5e8
bag,white,19,a photo of a white bag,bag/white/seed_0019.png,7342b0e5e96df2d7f45e62f247418cb2ab4cbd92dec94ee270d58d506fd93c18
bag,yellow,8,a photo of a yellow bag,bag/yellow/seed_0008.png,c7cbc113632cf8a81e500eae1a70bdf1526aca5d8bdd3df7e26cf6603684413b
bag,yellow,25,a photo of a yellow bag,bag/yellow/seed_0025.png,4b05c3f2fd29d719c94b5268a56c8ad0f38a10c5234aa10103706185cb3e8bca
bag,yellow,1,a photo of a yellow bag,bag/yellow/seed_0001.png,5e5c324ba09d44d69ed19cdc0fb46e53a47fa97581028caeb2d5733042100979
ball,black,23,a photo of a black ball,ball/black/seed_0023.png,607118771eaeb7f61dc786927179211237535efc71ee80ccd087ee1757f40d7e
ball,black,14,a photo of a black ball,ball/black/seed_0014.png,256e8ba31630332c11467e54736243ebe93ef1bd9d9adffc18b94cd39bfb66c7
ball,black,17,a photo of a black ball,ball/black/seed_0017.png,59fb719a1941f7c2e31061c1201222f22f9ed955ff232e5fc6eb49557b094ac1
ball,blue,3,a photo of a blue ball,ball/blue/seed_0003.png,5c78b42337af541a479775cfc49972118115e8463bb2d1523bd4c74adabd85bc
ball,blue,29,a photo of a blue ball,ball/blue/seed_0029.png,a54096b952d0b4dc2f4dd8f917906c2a6bfcc32171e5e5ac4a5cbc46dfec4c71
ball,blue,12,a photo of a blue ball,ball/blue/seed_0012.png,ad1192fddc5ff15e7164d81d4d8af4a3157a612eecc97e4316f84076abc5cc40
ball,brown,2,a photo of a brown ball,ball/brown/seed_0002.png,897411e20328d2de7d115b9f61deb72cf756aa880d881818baf2590a934d73a8
ball,brown,17,a photo of a brown ball,ball/brown/seed_0017.png,50ffcb07b91a7fdb922f4855687797167d5a0bfbfb0a903e7a4ac59edb43ee35
ball,brown,9,a photo of a brown ball,ball/brown/seed_0009.png,af73a270e06ce5050c219219869153048d93474af9c856123045f2bf1caf2509
ball,green,26,a photo of a green ball,ball/green/seed_0026.png,92016178dc8edf66da0993ade8ea3745fd31ba4922ce7a584237bdbecd8cab78
ball,green,20,a photo of a green ball,ball/green/seed_0020.png,3c9118eae6ce869453f850d5d8e320a0b57b399457c67fea805a490ee26c7955
ball,green,19,a photo of a green ball,ball/green/seed_0019.png,b751242b3904acfb65475982a1c337cef009485c834310dc128dfbaa9fd976e9
ball,orange,28,a photo of a orange ball,ball/orange/seed_0028.png,6585608e7d4c1b618ff24bfe0765ccec9a120efb25bdb202b223b9cc93c65ff7
ball,orange,27,a photo of a orange ball,ball/orange/seed_0027.png,2db74a7b8ff26f0db7717cb571a823ba7958bde7ccfd01ca7ed8265cc9c10a5f
ball,orange,11,a photo of a orange ball,ball/orange/seed_0011.png,f0b28edad6384f89f92f10781184732850bccf6e8c0511e5f611cf9529f2611f
ball,pink,18,a photo of a pink ball,ball/pink/seed_0018.png,3d467cf3105bddc429e0918bf61200c94b02c1df1612c1c213c91977a2276cdf
ball,pink,6,a photo of a pink ball,ball/pink/seed_0006.png,44f10c2cef91fe94c6e9323c3e0a220134f465e6a742c64447a72914af9af08e
ball,pink,22,a photo of a pink ball,ball/pink/seed_0022.png,a446e34cf316053a64583914a381f6cbc8c16a3dfc41425e0636a55c1e3c998b
ball,purple,2,a photo of a purple ball,ball/purple/seed_0002.png,92596d5f3221b55e028c00f431cb88486bf4510ec353bea6e14f374b362fd9e7
ball,purple,1,a photo of a purple ball,ball/purple/seed_0001.png,fdd80128fe5464da0cecbfc05043fb502156a024b438ba0deadbe031bbfe47ab
ball,purple,21,a photo of a purple ball,ball/purple/seed_0021.png,6dd66a7a61b7ca11e94e56e965192d0c74473436b20283febec7f4f3e43f6f38
ball,red,7,a photo of a red ball,ball/red/seed_0007.png,e4f6da5f4b05c76825c8991725dc5aa70d36f1a9f39cb35d73272d0e7bf5ce4a
ball,red,24,a photo of a red ball,ball/red/seed_0024.png,8f64506d4999b9395a0ff2381ef4da2df8ed2b25f0491c678232b0664489542f
ball,red,9,a photo of a red ball,ball/red/seed_0009.png,87748d6f6e3e68fe4ad27b5ced67a85e42a61727cad2378a96a459684f9471b1
ball,white,2,a photo of a white ball,ball/white/seed_0002.png,f77c8e01556f07454f71a854edbb211034d5cbedcbb5dd3143a3f38d018c742a
ball,white,27,a photo of a white ball,ball/white/seed_0027.png,e33ed140c4154a1b17d8440dcbf04bda3ea6e231c4243c677edbf0926ccd5535
ball,white,7,a photo of a white ball,ball/white/seed_0007.png,4d11ef5dbe8ba5a78583e03c22b9d81c76e8297650f45fa1d444898be84a1f32
ball,yellow,27,a photo of a yellow ball,ball/yellow/seed_0027.png,a9743d56abd94e2d2b8533667de1d463771c6429bd559b9e397e3d0a38ea197b
ball,yellow,3,a photo of a yellow ball,ball/yellow/seed_0003.png,180921183c7ceae130675f59ab809b97027b81fa9faabdedbd2ecd550c09593c
ball,yellow,12,a photo of a yellow ball,ball/yellow/seed_0012.png,8564300890bdab42a7def5009d40b96be3ed4c204e833f86fbf4160288cabb30
banana,black,8,a photo of a black banana,banana/black/seed_0008.png,6aa99d0c8412494167a5387a41991e332e4743c6f9f8a0435177966a74e6cff2
banana,black,14,a photo of a black banana,banana/black/seed_0014.png,67328d7eb3af165882d94ff71992f1ce23f48ae4956dc5700de3ea4a5f1582f2
banana,black,20,a photo of a black banana,banana/black/seed_0020.png,d091778bcca39ebd452c1c0fe1bd921374bf003cd70e97de6666a3cf76f35cd0
banana,blue,26,a photo of a blue banana,banana/blue/seed_0026.png,c70801528bae942e4022c51518162918d6cec64071bf6f3fa583efcfbe49fae7
banana,blue,11,a photo of a blue banana,banana/blue/seed_0011.png,0078c225f9d54e6c6684a26d85d6847b8764879db08ae1c84d1a96e9c8b634dc
banana,blue,5,a photo of a blue banana,banana/blue/seed_0005.png,08fd5247bcba88a0a58f3cb5cc4d2ac051ed0cd871aa13557adfb975342f3f7e
banana,brown,11,a photo of a brown banana,banana/brown/seed_0011.png,3eaa8f0fae945d4add98ba44285ef3eb174da4ce42bfbe0744521486f716be80
banana,brown,6,a photo of a brown banana,banana/brown/seed_0006.png,27a4f3bbfae2c874aaa5d6aa9b5a9e71983d55034bc13d9c3b75781337c5231a
banana,brown,21,a photo of a brown banana,banana/brown/seed_0021.png,b3988cf361a7a2936b96153f596e3fd3b0e1cb6b041ee644e609b772fc51233e
banana,green,8,a photo of a green banana,banana/green/seed_0008.png,15840bde182e477bb813eeefec2dc7d5d94c910b8a5f04a1fb1d87fa6b2a269c
banana,green,22,a photo of a green banana,banana/green/seed_0022.png,f130923416dd5206a6cd36ae7d20b043fec1f2fb3749a577964ba20bbd1b6830
banana,green,29,a photo of a green banana,banana/green/seed_0029.png,65c61dfb163c2b1b1fd265b3b2e20b594b29e75f565e1a90af6770eb669a4aa0
banana,orange,21,a photo of a orange banana,banana/orange/seed_0021.png,9adf8e2acef03b886bb412395f8a17060b5f0df887ac128041ec2ba25ee8ab9a
banana,orange,20,a photo of a orange banana,banana/orange/seed_0020.png,8b92f2d839cfa5ca40d59240d862852d66e85f0edc1038a92ba637e38f3996d5
banana,orange,2,a photo of a orange banana,banana/orange/seed_0002.png,e7bed7b2eae0ab7ab4155ae2aa5cf62a7740cf0547e8dd0b80bc3f34f3dd9518
banana,pink,19,a photo of a pink banana,banana/pink/seed_0019.png,7780a0f4f1a66ccf2f7f9915e34e7dd95c2a4eeaca2dc1c0e85617e420cc5f2b
banana,pink,20,a photo of a pink banana,banana/pink/seed_0020.png,711998637a2ea24f0f68c7f5bfb9fc234c8bceec6abd8aaa80c7fcf04ba4b6a7
banana,pink,5,a photo of a pink banana,banana/pink/seed_0005.png,f5d8bd74704465fa875a4c18ff2d4d82a1ac3fe49ad2eaa4afa17a024c5952cb
banana,purple,17,a photo of a purple banana,banana/purple/seed_0017.png,4593d74dad2ee7182e7b4df60073063120b86c5450343dd9a65cd4e31938b433
banana,purple,23,a photo of a purple banana,banana/purple/seed_0023.png,32a650f16bbd29b2a84ce5f2e80ee45ba8e02f0f489b2c340eacbd43eb7a8b6c
banana,purple,7,a photo of a purple banana,banana/purple/seed_0007.png,c93307a0db2f9fbf51383f902f1f661416b081f34c05bb53e0f7e8fdae6badc9
banana,red,5,a photo of a red banana,banana/red/seed_0005.png,b38135b07090528ed35b90696f10a81c2a976d30f23f7e0edcf89bcf49d0e4df
banana,red,14,a photo of a red banana,banana/red/seed_0014.png,d5e41ae7006d330e3e655463ca01e00a7e588d83a6c18985d0d3c9a30c61b7fb
banana,red,12,a photo of a red banana,banana/red/seed_0012.png,7cd42bcfbd1fce2b979ba0268368b81ec969fd24f296113e2e86ce221dd24b01
banana,white,8,a photo of a white banana,banana/white/seed_0008.png,24b85d781a907c1c17d03e0c6209426c793f44f568139a91a6939896a3bfaa0a
banana,white,29,a photo of a white banana,banana/white/seed_0029.png,7de55462788c442ecf40ab46775cde62e0c4138115b76441b8e46f8386d5d66e
banana,white,20,a photo of a white banana,banana/white/seed_0020.png,3ea46230cd00e794955a99a6877b31035c7aad46784b358d081dcc6f1b58475a
banana,yellow,22,a photo of a yellow banana,banana/yellow/seed_0022.png,cb92451daf798ebe093b142b94a4026c153284e300571b84f0e04a5605f23059
banana,yellow,17,a photo of a yellow banana,banana/yellow/seed_0017.png,421a27d75d107abc8390cb3fe72d34ebce1f2fabe8468e36b8779ae4ef9a2cc2
banana,yellow,7,a photo of a yellow banana,banana/yellow/seed_0007.png,fbb7fc327cc4464b5c12aca5a6ed688f9a4de672ef6ef540dc3334094c75f4c4
car,black,21,a photo of a black car,car/black/seed_0021.png,c710b0feb3bc573241b45a96c821fe1d398fa4399c59f9021cf3c3cdf03aabe7
car,black,10,a photo of a black car,car/black/seed_0010.png,3f82c9fdc23128e3ebf74327283e4666862146cec4491c9d8e3fb72960803903
car,black,26,a photo of a black car,car/black/seed_0026.png,92db211ca911fc71f36bec36c873641c3337c75715a34dae5eb5d81ad5eb7d01
car,blue,24,a photo of a blue car,car/blue/seed_0024.png,f39ae7c299ec85c5c1432fc2edcc6b59d08e3000a30332901a30488b41993f6e
car,blue,1,a photo of a blue car,car/blue/seed_0001.png,35d90ba50411cb87a8796b0ae243b77954a8e9c88dae238d8c2837bc1a14a1dc
car,blue,7,a photo of a blue car,car/blue/seed_0007.png,d9568dc69321d02a15856f7a513b5461be1778aa901b9f0d1e9a30b364df2dda
car,brown,26,a photo of a brown car,car/brown/seed_0026.png,beeb04ba180869d8c8ea2a01fa253860e2780bca62ec70c89c0ffb33fb55070e
car,brown,1,a photo of a brown car,car/brown/seed_0001.png,7f7fa73ae08691a46d6f9204626dc1f4a6843f1e30f1d233427d7362389dba15
car,brown,25,a photo of a brown car,car/brown/seed_0025.png,1cedd25b30da0b0b2e9f1f014c5ad0b72dd92906878a627f9285464855600a36
car,green,10,a photo of a green car,car/green/seed_0010.png,3d3b0b3e2ac0dd6c8c9b6757bf48962eea1587c795f42ca451052d15ee9e1e16
car,green,12,a photo of a green car,car/green/seed_0012.png,927af20ea249e5794e370b2a866bf432f58e02906ba9bc225733d2402230585e
car,green,8,a photo of a green car,car/green/seed_0008.png,9cbe422a168fb38fc7dbd415d93884027e758dc6a94354e03375a6191ce5892f
car,orange,2,a photo of a orange car,car/orange/seed_0002.png,459255eed66d98ed5f57c13f431ce6fcb395e43d21c15c89ac07f665dc309b3c
car,orange,6,a photo of a orange car,car/orange/seed_0006.png,38f1454b8d50dc7f4e0bc28d9dd99164dfd156c170e44580af1d7ac2d24c16ce
car,orange,29,a photo of a orange car,car/orange/seed_0029.png,4b28d9a99157e06bc4f9150c6c204413edece00c601d6b185e19205ba77d6d46
car,pink,18,a photo of a pink car,car/pink/seed_0018.png,af16d560d12513732e297969bf27f1f1b6c5eff44762553de62b1d96ed39f844
car,pink,28,a photo of a pink car,car/pink/seed_0028.png,89123ddf55067627246174342d0069cb325fae812a80428d49c4c8e6f47cade3
car,pink,22,a photo of a pink car,car/pink/seed_0022.png,162d34f12a2d79d59359712a9f741a2e3db653f7327144e722bf927e1ba02bde
car,purple,10,a photo of a purple car,car/purple/seed_0010.png,fb0e344301c4337864401c83370007301011497f611bc4eed364d03cd8592ef0
car,purple,6,a photo of a purple car,car/purple/seed_0006.png,e3e4ca5446376b7083d88b85c9d80f20b0df57dfeea4c97ef516667c60044e7e
car,purple,20,a photo of a purple car,car/purple/seed_0020.png,6d5485b3bb0224f1788f08bd98ba125331e70f817efab53a2afbb53eabfc09a8
car,red,15,a photo of a red car,car/red/seed_0015.png,2ce982013b9583abe98a1a371d4897233947a1b7dfb0a6bf8315aa33cea250d3
car,red,12,a photo of a red car,car/red/seed_0012.png,33b7837e44a3aedb2d6a6de253085ea24458dfa0e26779f3113c624bd8925a31
car,red,28,a photo of a red car,car/red/seed_0028.png,8388eabd200bc027551a6cf65390b6681a9b28fd43aece32c027d1b79d55fe81
car,white,29,a photo of a white car,car/white/seed_0029.png,ae25fef694630fbc1e8ac4510223e1650d1b269f3f3ca57074e1193bfaf17da5
car,white,20,a photo of a white car,car/white/seed_0020.png,bfd25c3fc08f0efcbb6ed483431c5a140efd5d6b52989baced5622f79e843d4e
car,white,14,a photo of a white car,car/white/seed_0014.png,0218e659ea68fe32d7ec5e02745b7f923447aa97498cd00c1db63f0da4a72eb1
car,yellow,4,a photo of a yellow car,car/yellow/seed_0004.png,76847e89a8194597acad2d79d061d4ffd901904410918e64705cb2cd9403501e
car,yellow,8,a photo of a yellow car,car/yellow/seed_0008.png,520001e23293bb9613a984c94d6ab4cf87e7c0cd51bef1dc28e360349333524f
car,yellow,7,a photo of a yellow car,car/yellow/seed_0007.png,7880f4ec831af45144a01138455082b88156eb93b69c2845fc57ba3d1ac7192c
chair,black,23,a photo of a black chair,chair/black/seed_0023.png,ee1625cb528bdada3afb848a139fbf0a96d36d000704654e0151d901912bde96
chair,black,17,a photo of a black chair,chair/black/seed_0017.png,7004a8061b872b272ccde08ed62319bff183fa880464774e668e61e814e00552
chair,black,8,a photo of a black chair,chair/black/seed_0008.png,df8d2075a226810a10434e1ebff553b7812c6efcf4fcab15161c3cf60d751eed
chair,blue,23,a photo of a blue chair,chair/blue/seed_0023.png,e7a7ca7294d6fd70741349ff8413137ba70020973caadf7d68510401d306c2d6
chair,blue,18,a photo of a blue chair,chair/blue/seed_0018.png,c7e836ba95e07c3953c4332c0099534e0fbdd11e99ad4650c2ac597567da8e2f
chair,blue,13,a photo of a blue chair,chair/blue/seed_0013.png,5f88cce7789e56eaede93332b57ac9e05c010bf26440f4c509ed4e00eaec8dbd
chair,brown,28,a photo of a brown chair,chair/brown/seed_0028.png,0f925fa0a9200480314c2cbbbb8f94ee5cadf08a7644110732a0e7a90fae228f
chair,brown,18,a photo of a brown chair,chair/brown/seed_0018.png,548d8d879d6f03ba6cda1c53f40de354cff874f3fcf10e3d8a927ece4579fcc6
chair,brown,12,a photo of a brown chair,chair/brown/seed_0012.png,64a4fd54f09346bd5b21804f009e667f79a170c6bd4c4185155454a9a0c6ecb7
chair,green,11,a photo of a green chair,chair/green/seed_0011.png,cc3cf7564d622aa265f7ddc919a7c06017d5183d3c5bd6ab58f985110737f104
chair,green,7,a photo of a green chair,chair/green/seed_0007.png,774a28ce0cc25caab38881f6e4829cfe044c5bbde2aefc2190ff8d8638ffe9e3
chair,green,4,a photo of a green chair,chair/green/seed_0004.png,f2db0cc2f722c3789c6dbdfe74312d1ebe4cc03b7717f017d251e5c4b33c4320
chair,orange,16,a photo of a orange chair,chair/orange/seed_0016.png,72bac46b78fc8505185c3d0a9366cd086574d72a86d09ff604a8ff44a330ea2c
chair,orange,15,a photo of a orange chair,chair/orange/seed_0015.png,5804de41f00211a5d4b7a8cdf601682e24e22febf3f5d55bdee5d22eee212fd3
chair,orange,2,a photo of a orange chair,chair/orange/seed_0002.png,cd5ea8978b3aa487476f62592bc4781473445725063309e938930a2249ad16b8
chair,pink,24,a photo of a pink chair,chair/pink/seed_0024.png,39b5cfe27b76ab8098a3ff6bbcf961a73372926e5c269f5c9fd6bd92514d732e
chair,pink,1,a photo of a pink chair,chair/pink/seed_0001.png,9dd6bd24b42607e4696ca9e4a76e1478877fda01bec64e6c937b23572befebd9
chair,pink,27,a photo of a pink chair,chair/pink/seed_0027.png,b34504f96271bfcfd7c1eaf7c368bca25816919c021da542f0581207e04d091e
chair,purple,3,a photo of a purple chair,chair/purple/seed_0003.png,2448099fb4a99a364c29d8126915df3f3f56375e489cbf577063b2b865bbc705
chair,purple,4,a photo of a purple chair,chair/purple/seed_0004.png,1a4d9fca0c9e9a15753ac49aa932b29c47ea2a89db4e47311d301420847b730e
chair,purple,20,a photo of a purple chair,chair/purple/seed_0020.png,098561367a92cda71dfa3c8d69175a12b25239a7840daef85807684124eaa754
chair,red,5,a photo of a red chair,chair/red/seed_0005.png,ebdbb6e90be9dd88a1ebaa32823041e5156f67d19f0eb04a8ff95f72bdab74ad
chair,red,25,a photo of a red chair,chair/red/seed_0025.png,54af08d260ce444094c05e95400f949802f9c429b78fef49f42d6a980af15fbd
chair,red,21,a photo of a red chair,chair/red/seed_0021.png,8c4a8689155885f2d9c4aefe05ae0af50b662f449d6fec7cc2eb9ab6f7e604c0
chair,white,13,a photo of a white chair,chair/white/seed_0013.png,8940a93135bf8b024a125a230b1327b2a5004546298141ca461f1187f58e9f91
chair,white,19,a photo of a white chair,chair/white/seed_0019.png,6c2632ba1ffdfd419db9288e616a95971d08eb68b55519ecead32c69e60c953d
chair,white,2,a photo of a white chair,chair/white/seed_0002.png,d8b564b4b3cedc77fea22f1f7a0b89c112fe16dc3c6dcddcee807b10ee8bec97
chair,yellow,12,a photo of a yellow chair,chair/yellow/seed_0012.png,992a2edb5bf2837470903af1876d22873ba23f072c558024d743680c4ba11c0c
chair,yellow,19,a photo of a yellow chair,chair/yellow/seed_0019.png,93a4a0e14857c547a3b066c02886a58b213f133b3d726f209b56ee7ea5ef5faf
chair,yellow,14,a photo of a yellow chair,chair/yellow/seed_0014.png,4aad591bb5c47283f363bf60ead3516bfa8339946e101fa748a435925ed11a70
chalkboard,black,16,a photo of a black chalkboard,chalkboard/black/seed_0016.png,661ce8205293ce1ab6a2bab59dedb2f10932f95c803e5fc134bc2dec02919c75
chalkboard,black,8,a photo of a black chalkboard,chalkboard/black/seed_0008.png,da9c90082b35491b0ea85c71c5ccbc698780f616d7349cf55b76ab1466a584e9
chalkboard,black,17,a photo of a black chalkboard,chalkboard/black/seed_0017.png,92a41c100bd53c2a9872af41ef7b4cee5ddc4e951506163e4b3a2eb765cc52d6
chalkboard,blue,27,a photo of a blue chalkboard,chalkboard/blue/seed_0027.png,ae2b8ae80c6f338753996ced143f70d9a2b514e0f3a528768dc3d97d5a15d7ec
chalkboard,blue,0,a photo of a blue chalkboard,chalkboard/blue/seed_0000.png,1f855d8f5c1e8ad70dc4dd058c03c0d679aadc07dd7b71def5034460ba603d1b
chalkboard,blue,21,a photo of a blue chalkboard,chalkboard/blue/seed_0021.png,83b32d4dd53688e9167b22ce69b7ffdfc1bf07d2b2924bf8238ca284aad5cc20
chalkboard,brown,23,a photo of a brown chalkboard,chalkboard/brown/seed_0023.png,8d595c4372218a99ff5e872aa9ddd0acdd215ad67694fe9d7044480bd6671604
chalkboard,brown,3,a photo of a brown chalkboard,chalkboard/brown/seed_0003.png,df4c6de28fd4865546973b1da0855629bb20e8a18f01327db60620ae72dca216
chalkboard,brown,21,a photo of a brown chalkboard,chalkboard/brown/seed_0021.png,b87afede531cb371109055c0e7c0427fe981ff807a15fec6354174734dcd5eeb
chalkboard,green,28,a photo of a green chalkboard,chalkboard/green/seed_0028.png,8e0275ecc2cd19c9cb89bc82c18c7d75bb6dfe09b9590df4fb28c37a40fc0ce4
chalkboard,green,17,a photo of a green chalkboard,chalkboard/green/seed_0017.png,488c865fcbba65415d6b3054df194c78f24d749c5276a2914b4b111e7f4c4a88
chalkboard,green,24,a photo of a green chalkboard,chalkboard/green/seed_0024.png,ad637d0aebb99b91500500b52c8f63b74bf8d8991dac392a2c4d468d3254cdf1
chalkboard,orange,8,a photo of a orange chalkboard,chalkboard/orange/seed_0008.png,b6be783f49cec31f2bd0ff9ddc1423e584826a574815c7810f6f5ff9bc07c000
chalkboard,orange,24,a photo of a orange chalkboard,chalkboard/orange/seed_0024.png,fb0574f0d76cb0674dac8d6b1a7824cc317bb269eeab55e8b24a7e79d083044a
chalkboard,orange,20,a photo of a orange chalkboard,chalkboard/orange/seed_0020.png,9176e7461a427f44baf6dbdcc866ddccc066f76752968b9fc083328114e49f38
chalkboard,pink,10,a photo of a pink chalkboard,chalkboard/pink/seed_0010.png,c93c0c586cb3158a2f1a087d1c9ad4dcf37f44167e8364a9337e1ec4144413e7
chalkboard,pink,3,a photo of a pink chalkboard,chalkboard/pink/seed_0003.png,308c5f7767107c5ded37e2373df00ada5f4f95f52285142cc7a264c23c309461
chalkboard,pink,9,a photo of a pink chalkboard,chalkboard/pink/seed_0009.png,d696000250621bc2a5dd1467844c779c0f2c6bd80786060b3635a9f9f9fb67bf
chalkboard,purple,13,a photo of a purple chalkboard,chalkboard/purple/seed_0013.png,aa4ab1e64418d47969fa1fc91818782fc6670dac5fd70ca6c59b2b2ba3b234c3
chalkboard,purple,5,a photo of a purple chalkboard,chalkboard/purple/seed_0005.png,4aeee8340ea1033b81ea243a77524d4568bccebcad47bea053832a57cc65f6d7
chalkboard,purple,14,a photo of a purple chalkboard,chalkboard/purple/seed_0014.png,293522d31a1e105263bcf79b22827591455d387dbd68efeed19e6ad2bb8d4b4c
chalkboard,red,0,a photo of a red chalkboard,chalkboard/red/seed_0000.png,b67fcbadd6822605193957be4963cf7e110b87b42d2310c81be39a9c8a289a29
chalkboard,red,23,a photo of a red chalkboard,chalkboard/red/seed_0023.png,eeca0d22633ee7fb62edc3af613aecb7b45b7023d7e0740cabb8c351095ff5cf
chalkboard,red,28,a photo of a red chalkboard,chalkboard/red/seed_0028.png,6c654d039a4cf4aff0061d3657d49cdc4c4e1395fb3e9ae1d87c3c0d77cf0877
chalkboard,white,23,a photo of a white chalkboard,chalkboard/white/seed_0023.png,14155511edca1060f2af7d7ce6437019dae7badfea0ff4917fb2083b1c901e07
chalkboard,white,8,a photo of a white chalkboard,chalkboard/white/seed_0008.png,4c6904a186c9a456c2bff9b7d9ffc5fa9441fc69ccdfbfacb537c772d2bfe692
chalkboard,white,16,a photo of a white chalkboard,chalkboard/white/seed_0016.png,e0646e0367ec19d401949b7e5856f989d47dee3b20c358c904e044d978031e35
chalkboard,yellow,24,a photo of a yellow chalkboard,chalkboard/yellow/seed_0024.png,ba4dbdd037efb9cb5be88299d4fa2345ace6b41ee130e9d381983dd19aa30000
chalkboard,yellow,5,a photo of a yellow chalkboard,chalkboard/yellow/seed_0005.png,728c7e4607f730b7fe1252a3330d7a53ea50179b6bad7b83cc1201dcce1efe0e
chalkboard,yellow,16,a photo of a yellow chalkboard,chalkboard/yellow/seed_0016.png,9d4e25e84e141fc4ab2851eb6b78b701b9effd39934f57425c1ee8e3259a6269
dog,black,29,a photo of a black dog,dog/black/seed_0029.png,1ba7f398953be2c79267400be131fe088d3ad2fc4b432c48ca985c8e1bf11e43
dog,black,3,a photo of a black dog,dog/black/seed_0003.png,b886cf78f8f9e23ff6e4e05f33aad043b7ef3f9d4211db24f165bca35e7a87db
dog,black,27,a photo of a black dog,dog/black/seed_0027.png,9eab0afca8a54ed3813dd0f31af46bdcdbf1d95d30369b5d7aa8b8ebd59a89d6
dog,blue,20,a photo of a blue dog,dog/blue/seed_0020.png,3e3a9a53418ddc0d9b21b0bcf5524d9d30d0fa885778327641ed9548f31c2155
dog,blue,9,a photo of a blue dog,dog/blue/seed_0009.png,1498e78d72149cbd15f171cfc4315156289393fe1a8655b8047a15520ace73a4
dog,blue,26,a photo of a blue dog,dog/blue/seed_0026.png,2251cf2a24c6b627c4fdc165e87efbb05dd04df73192da5ac99d71a015000d4e
dog,brown,20,a photo of a brown dog,dog/brown/seed_0020.png,1aba931a68d8512cf0306368170dbe9a5a4815df077f77e861c816a2dfafaf62
dog,brown,16,a photo of a brown dog,dog/brown/seed_0016.png,85de4cb47702e09769d079220a51c3c5da25765c93c70f3d9b17a1fd14b31c69
dog,brown,19,a photo of a brown dog,dog/brown/seed_0019.png,bb2f804eec1c265ad73525b692c08b63fc1f14a4a78c64e26dc8e9c9190482bc
dog,green,6,a photo of a green dog,dog/green/seed_0006.png,a3daa12a6859ac59dd91ae4b3b52b83b553f09dba850bedf0d43d857d7e3248b
dog,green,4,a photo of a green dog,dog/green/seed_0004.png,34e8ccc105a35338302fd6d3845c52959d11c61b713249383202bee8e8ef50db
dog,green,11,a photo of a green dog,dog/green/seed_0011.png,72cf0d413e047e277f2509d2a64d5283753caa3d53e592da38e9b1f1e2a72a34
dog,orange,24,a photo of a orange dog,dog/orange/seed_0024.png,b82fe1dbec73b780a346e9c729a1cf02fe3abe587a5aa948bafa7719be79f5b7
dog,orange,5,a photo of a orange dog,dog/orange/seed_0005.png,6577cc516851a112f052afb9f9f6d522e8281ef857ea213362caad0a9c5c88c0
dog,orange,17,a photo of a orange dog,dog/orange/seed_0017.png,c100477cb3a0dd233ed5e93a2c186b17309889b908f2601e3cd25b7a8736254a
dog,pink,24,a photo of a pink dog,dog/pink/seed_0024.png,2e6b56a1bdfd0c8bcd7f75a0f75a9a507fb9e9ec51a86c7c38d70f8ed7f6c96a
dog,pink,29,a photo of a pink dog,dog/pink/seed_0029.png,b94aa8eacbe20eee640d061a394049c00f183299943897686b47683b56665030
dog,pink,16,a photo of a pink dog,dog/pink/seed_0016.png,d502494813d924ec2a597154b47f6c45f5409e644a208a2fb5cb4d11f87208d6
dog,purple,29,a photo of a purple dog,dog/purple/seed_0029.png,2d2e04e11ab413442f63dee8d54d1d674d8fca16ffbf7df9dc86727a9676b9da
dog,purple,0,a photo of a purple dog,dog/purple/seed_0000.png,1b58ee6612e079f43efb324104f715d033491833ed4ecfa93de187f42af76f11
dog,purple,19,a photo of a purple dog,dog/purple/seed_0019.png,b672fe4492d5644139b60b56bb96a02776c4b90a693827eaf487e14651c82df3
dog,red,10,a photo of a red dog,dog/red/seed_0010.png,d6572dfa6332d044d64f67b9d4d5b7b011ced5c5414a9ae76a22cdb021146e6f
dog,red,15,a photo of a red dog,dog/red/seed_0015.png,aa654a7cf085f43640562d04a44dab5c8f2bd7ae9b50ea16322228308326ba2b
dog,red,0,a photo of a red dog,dog/red/seed_0000.png,7fb962ca8e36f8f2705e9ae20e266381f6fda7c095f5ea96626176c9106a2520
dog,white,3,a photo of a white dog,dog/white/seed_0003.png,4fab480b68ea173db70bfb9477ca6c77651af3a3627a9fbbfdaf23510ff7dc24
dog,white,29,a photo of a white dog,dog/white/seed_0029.png,22fa7ace2bf8b57750e33b4eaed58d8e1c4c417c6902677bcb9a3477f2b41fcb
dog,white,11,a photo of a white dog,dog/white/seed_0011.png,4febd0e302b4ae71d353e3279a5c14d2d61420a4a7d5e5d5fb8d2acd44333b1b
dog,yellow,28,a photo of a yellow dog,dog/yellow/seed_0028.png,c9952bc3559edde16dcdfedb696108ecaa6f909e28b6a35d211a79d58675dca6
dog,yellow,26,a photo of a yellow dog,dog/yellow/seed_0026.png,d4eff780eb65a9c044f0f259ee7175635a5de3abb27edfde7636873518476094
dog,yellow,25,a photo of a yellow dog,dog/yellow/seed_0025.png,401878b52ce757ce080476ea68a5f7aa03411ae0d2a6ee03c9a8508684ae519b
flower,black,9,a photo of a black flower,flower/black/seed_0009.png,a8ca523ed9d77bc29eb5147b9e5e35f56274d3cbeada1894a97e168ddbd2c603
flower,black,7,a photo of a black flower,flower/black/seed_0007.png,561ab3c3e8face22f7eb4e349ebb1ebd23d1be1b18ac871017755402bea8f0cc
flower,black,1,a photo of a black flower,flower/black/seed_0001.png,82fb5aa3bd43cd9054c84e969feec035e2284fef01c62dc4e5490fbe8a28e17a
flower,blue,7,a photo of a blue flower,flower/blue/seed_0007.png,60a2351bd111ccb6acfc9015801eea92facba13e39ca3e4598fe472d744bc790
flower,blue,28,a photo of a blue flower,flower/blue/seed_0028.png,339eddeb6406582e62a860639054e84318d8cd32d81b9dc21e646772c8efbd00
flower,blue,18,a photo of a blue flower,flower/blue/seed_0018.png,294e10bacd33bf76601875d673795e405501bef71bc93d49e8a0e897cd3f71ff
flower,brown,2,a photo of a brown flower,flower/brown/seed_0002.png,e122b59589532464bd2c9483fc887205582285189e8c41591e30a900012ec9b5
flower,brown,23,a photo of a brown flower,flower/brown/seed_0023.png,7694b697c1abf6efdddfe5a879e6d563829dc00af9220266ba551fee9d4e91c0
flower,brown,15,a photo of a brown flower,flower/brown/seed_0015.png,3bb7f0fcfc404995fd413d13a3e6b49c5c58805a5558e99dd090b29ab98a2ce2
flower,green,26,a photo of a green flower,flower/green/seed_0026.png,5f9b66a15f617eccd01d1b25f593a1db97ef29189c2430c3896be34728334ca0
flower,green,2,a photo of a green flower,flower/green/seed_0002.png,e728be9fe86f867124cc79fc0e308736978fa56e074eb044ff5e59c537e2cbda
flower,green,24,a photo of a green flower,flower/green/seed_0024.png,65ac1fa6afcf9e8ac162874c9f768e2ce55ea57b6d3a98158107c2c02a5652fc
flower,orange,17,a photo of a orange flower,flower/orange/seed_0017.png,c4700dce6de0bb6c11da9308248fc8a2ed5c0ac9a568ab96d66bd4741fbf5300
flower,orange,24,a photo of a orange flower,flower/orange/seed_0024.png,01a747eb630b98e1108ca0764c9b9fd7b46b655757c987ef1751f1d57a95ff13
flower,orange,4,a photo of a orange flower,flower/orange/seed_0004.png,f67f42b698b10b2f9072ad2ab98ea393114efa9403ba6b9546e41ebf786c5fbf
flower,pink,4,a photo of a pink flower,flower/pink/seed_0004.png,bac2c0dc09582b1bdffe0c332d9bff677d1013f340ac8239fae40c6daaac56e8
flower,pink,21,a photo of a pink flower,flower/pink/seed_0021.png,5238ef45fac0fa45fc0de56d5a4a5bcebc633ecb324d164464004f61689d1329
flower,pink,15,a photo of a pink flower,flower/pink/seed_0015.png,f86687cd40b05d1d474fe0817c1e55620d89076bdde2a6b1536e1375e4a6ae56
flower,purple,17,a photo of a purple flower,flower/purple/seed_0017.png,263d21a6910da9ec67e1517a45942f3315141bad3b8c53f3d15fa571d89188ef
flower,purple,5,a photo of a purple flower,flower/purple/seed_0005.png,61667058c7bd712bbacf7f82a336f34e9cdb8870be625e16fc306a73734c658c
flower,purple,8,a photo of a purple flower,flower/purple/seed_0008.png,2b3521fa67c3738f8a0c3ab19eef38fccba0a432d6e541479c0c344be7bec953
flower,red,16,a photo of a red flower,flower/red/seed_0016.png,63fe1c08f2f6f57245dcde75eb95a50de884ad8f0cf05aaab7dc60e4dafdfe39
flower,red,27,a photo of a red flower,flower/red/seed_0027.png,72f373d52cb68ee695546ac3c0be9bb67ada372a75c6c3c6a41f9e2e1df8e5f5
flower,red,19,a photo of a red flower,flower/red/seed_0019.png,88b3c07f31bc6ff9d8dab06dd2f93251607aeb4278b0f65ba5447484916db071
flower,white,13,a photo of a white flower,flower/white/seed_0013.png,19533069dc110a7aea3cfcf2656487619031cf1904a26c3a1e2fa0f1179eb408
flower,white,6,a photo of a white flower,flower/white/seed_0006.png,d7f00d9d068a91aa4e39ca5a1cecd3078ef3b8f3da596d334364f15fb13e9831
flower,white,29,a photo of a white flower,flower/white/seed_0029.png,f03fe339a2adbc56ba4800c93f77ddb24f1585278c3bb3b8ad5f6acc99cc73ca
flower,yellow,17,a photo of a yellow flower,flower/yellow/seed_0017.png,719503b60d84102debcbec4643fed5949b18d2bd8781e33f6cf96d88e315d436
flower,yellow,24,a photo of a yellow flower,flower/yellow/seed_0024.png,65106b79783a28e109ac8ab3e978a6d0918eeb8949cbc3a43fc3432105ae5f23
flower,yellow,23,a photo of a yellow flower,flower/yellow/seed_0023.png,0aaf149bdd371d87ecb5062314b4b9e9ae528ece1a59a32b82f815ce6c0819e7
frog,black,22,a photo of a black frog,frog/black/seed_0022.png,b7edf07fc97102bbb8c528cd2667d9dab3b7d7bde64681ce2e737baf1c21d13b
frog,black,6,a photo of a black frog,frog/black/seed_0006.png,5de8a5d02e016a19667cb17447f270296f043bd65291a5f57c987a1c70a53e2a
frog,black,9,a photo of a black frog,frog/black/seed_0009.png,4af8c92491dc92bbf1d32f7850518d9628d34e7e4417b1265231c816b1818326
frog,blue,12,a photo of a blue frog,frog/blue/seed_0012.png,64c2a583b612dbc4e13ebf3698f5f0b7df97805d8edc056718d1cf07e5f4b194
frog,blue,21,a photo of a blue frog,frog/blue/seed_0021.png,a0366aa13c5cae8869de34c3206bafbfdb549cf328c733c1a434338cc2627104
frog,blue,20,a photo of a blue frog,frog/blue/seed_0020.png,614400b9bc9ffa9d05632a2dfa63297bd0d788adbce1e98c45cfe7b8a9aa560d
frog,brown,11,a photo of a brown frog,frog/brown/seed_0011.png,9302f2b5f4a7bda609e21fa379bc5e2d475018bf314c8e81b5d1fd4a91b2d569
frog,brown,14,a photo of a brown frog,frog/brown/seed_0014.png,68de08e42ffa99a4b5b8cb0f859d681c8caf5c1395f2579d7d1c9ba452c3e679
frog,brown,28,a photo of a brown frog,frog/brown/seed_0028.png,3d15cab9d14286c59a3c8ee17c035223eaf360afedc347a3ad290ba07e92c5ab
frog,green,16,a photo of a green frog,frog/green/seed_0016.png,712c8df0e3e892a00b3eb2f132936efc23a2e208c830d1742150e3931b586ce3
frog,green,14,a photo of a green frog,frog/green/seed_0014.png,82fac3e5d0517be903f7cb564b0f1de15b4f785e027445a2ec5f28a74103ca1c
frog,green,3,a photo of a green frog,frog/green/seed_0003.png,c2c250927daef10dff324290edf9e4d56abbd46a7f912a61bfdc1ba7366ac625
frog,orange,7,a photo of a orange frog,frog/orange/seed_0007.png,68a9eb16a0d3a73b5ac25f8a662ee99ae79aee9b7b5ffa84f6043a9d038a5a2f
frog,orange,2,a photo of a orange frog,frog/orange/seed_0002.png,44225da813260b59bc94591988fb8b165bd9361165b9c5a805caa2ac0e4672dc
frog,orange,10,a photo of a orange frog,frog/orange/seed_0010.png,d4bbcb80f304c330e4aa1633c7322af82d8a4bcbfdbcb113f624644038304e90
frog,pink,0,a photo of a pink frog,frog/pink/seed_0000.png,3ad2c564ef6d633fcca6c0b3ec448dc3c99a5e0bc6fb609063fd80f008b135e4
frog,pink,18,a photo of a pink frog,frog/pink/seed_0018.png,6da289b7a691d28d84b8404182e7eb2d33297ec39b598090d7bd2c4ab4a6388a
frog,pink,17,a photo of a pink frog,frog/pink/seed_0017.png,39870b3ecba1a2fee195692bcf96553a08ad7fef9b55244e0090b3590f3b7d78
frog,purple,7,a photo of a purple frog,frog/purple/seed_0007.png,8fe3b5dc828394c83476784aebe8e58e973251fe94c9afbf548b38de3512cfbb
frog,purple,18,a photo of a purple frog,frog/purple/seed_0018.png,ead8ef9fb5a00689d736b466b5ab9d84c04e584637abca1122158ca538d43503
frog,purple,0,a photo of a purple frog,frog/purple/seed_0000.png,86cec4b7edcf68dde4f93748ecf9dca89da791820f43dbf4005131d1646e48de
frog,red,2,a photo of a red frog,frog/red/seed_0002.png,58b06df06fbe99ae5ccf953255e40e84bff51c2e6a1b5b4b662c0b27cdfca9a2
frog,red,22,a photo of a red frog,frog/red/seed_0022.png,1f1bffa98868c5e9486f5ec26d9c49a62d5ecb5ce660ca82839038b0741273f1
frog,red,20,a photo of a red frog,frog/red/seed_0020.png,663009fc1af95c2cbeb237e25334714fed51b438f268f5d017fece6d93526375
frog,white,1,a photo of a white frog,frog/white/seed_0001.png,089fea174334d6074a2ee6cc3e31efaebe59138c66f18a8a53c43be092b6d15c
frog,white,7,a photo of a white frog,frog/white/seed_0007.png,7d68994eee81780dd349d113481cbb3e10aebc1a668a1b7b46557c06e6383247
frog,white,2,a photo of a white frog,frog/white/seed_0002.png,8d59517a277247fd83b78a5d5329a95d6d93df4357f5a4fbed1482d2690b4a00
frog,yellow,28,a photo of a yellow frog,frog/yellow/seed_0028.png,abdf271cbe4734953e564aefea86bed8abc131511450ec84c79ad28f065a206a
frog,yellow,1,a photo of a yellow frog,frog/yellow/seed_0001.png,3525f5b1e8b3f4de7c069dec069698c69e254e46cca74b16150601419468f3d8
frog,yellow,27,a photo of a yellow frog,frog/yellow/seed_0027.png,90bd05bf7418ef7a2cf3553c30939639d18ce421ebd90e6b62520e51680a3dd2
polar bear,black,10,a photo of a black polar bear,polar_bear/black/seed_0010.png,e08ca8933881e5ce6c78872b54acd0d80981786dae92c75d5269999bd37849cd
polar bear,black,2,a photo of a black polar bear,polar_bear/black/seed_0002.png,bd25a3e1a03f1fb3bb2666de9b24d4a8d914ffdec7569ae8337a71c70ba3871a
polar bear,black,16,a photo of a black polar bear,polar_bear/black/seed_0016.png,1d18b9e002ad2626d3f6686284c1c342d60ba1f95a4e352f029ee99d3aa55b78
polar bear,blue,7,a photo of a blue polar bear,polar_bear/blue/seed_0007.png,46eb67e234d26dfd1546e6f854816832f691aaf2082b574ad32d8077daedbbb1
polar bear,blue,8,a photo of a blue polar bear,polar_bear/blue/seed_0008.png,78c6952cca7a74a020d6bcd9d1623791643658e28cf95598fa508ee99e7c6eba
polar bear,blue,21,a photo of a blue polar bear,polar_bear/blue/seed_0021.png,8f1c3f293413f898f08aa05f9f3cb45bccd9a7931953cb096ca0c4282ea158b2
polar bear,brown,15,a photo of a brown polar bear,polar_bear/brown/seed_0015.png,0e48679c338d09eae96baefd9a78fb26e6c878d38e9f1e0c648719f2dbf63dd0
polar bear,brown,6,a photo of a brown polar bear,polar_bear/brown/seed_0006.png,e67761fc0db11ae17bad4ad7b236f4065080e876f8c2104badb64dfc09937f55
polar bear,brown,17,a photo of a brown polar bear,polar_bear/brown/seed_0017.png,d78e5d0de035bb8a50d47ed57f1fbf7fdfc0de11bedd3c5008df6197a439d436
polar bear,green,4,a photo of a green polar bear,polar_bear/green/seed_0004.png,cd144afeb9ea984e6b42999ef9fd4e8792a8c8962b7e132dccfca9c1ef68754b
polar bear,green,23,a photo of a green polar bear,polar_bear/green/seed_0023.png,1c957ecc66a0285bb0ef6c7b782f4dd5c90aba4658ffcd62d8addaff98acc290
polar bear,green,29,a photo of a green polar bear,polar_bear/green/seed_0029.png,ad74600ceeda8adfcaf0e76bf37622b35c9cbefeff1e0aa88a1ec6254916b95b
polar bear,orange,28,a photo of a orange polar bear,polar_bear/orange/seed_0028.png,ff0e6e730789ffc90a9e37fe286d11b7f560371f212e9bdf2b3a0d53fbdb71ec
polar bear,orange,18,a photo of a orange polar bear,polar_bear/orange/seed_0018.png,c18230a3bffcae8d3f72111366d08b899a0f5b682e007a1b63a3485eb40da13e
polar bear,orange,15,a photo of a orange polar bear,polar_bear/orange/seed_0015.png,d8be6844972375010af2a10d5be9e4a9ebbe6f6f9a607d63f7b5909181359d98
polar bear,pink,7,a photo of a pink polar bear,polar_bear/pink/seed_0007.png,e5f7860aca42a452a9426817c027b40d74ea71df39086f87d36bc5197ac8f45b
polar bear,pink,25,a photo of a pink polar bear,polar_bear/pink/seed_0025.png,cc01cf6ab95dbe5b134fab9574e3de6f23a8321b255f18185f361b43e8ed4290
polar bear,pink,15,a photo of a pink polar bear,polar_bear/pink/seed_0015.png,cfb8d95e277d2713b75523ae790ac5776412f2ebfea3dcd22e252f215412f457
polar bear,purple,25,a photo of a purple polar bear,polar_bear/purple/seed_0025.png,12695e5742a4d4b7bb5d077087a44073413f20e47048c6f8282fddc54f1f5fd2
polar bear,purple,13,a photo of a purple polar bear,polar_bear/purple/seed_0013.png,e4721d448bca2e96d84ce059d8d8e2bba1b14927edd840865e8b4948475cb30a
polar bear,purple,6,a photo of a purple polar bear,polar_bear/purple/seed_0006.png,8ed9499edb28024280381ab5490a3f18f7ee589735ba5776630269b4a839343a
polar bear,red,3,a photo of a red polar bear,polar_bear/red/seed_0003.png,bfd88295bd5c7b6c3dc4cb421eda85269ccba9a2a5023cac4be6d6759b3ec0a7
polar bear,red,21,a photo of a red polar bear,polar_bear/red/seed_0021.png,e64a6de8366513e63fe26a9b4a9ec22f92db2845dfc91a08a88d9475ffd8a0f2
polar bear,red,13,a photo of a red polar bear,polar_bear/red/seed_0013.png,266e72d0199a94ed1c08b8f2981b2cfcc356d24dac2909f222c7e0d7f52faf9c
polar bear,white,11,a photo of a white polar bear,polar_bear/white/seed_0011.png,a76fa7bd618b83dde62f6f507e53a9ee6a03f3e144e8d69f104afe9e77f951c8
polar bear,white,13,a photo of a white polar bear,polar_bear/white/seed_0013.png,99cad07f58d3a020110aed5d2ed1d09e071690dd4f35fe22e82a94137fd73f14
polar bear,white,14,a photo of a white polar bear,polar_bear/white/seed_0014.png,20ea37178f93ebf14f0ee352ff1d9e0a88bb3b1e6e257469640342b1d5307b0d
polar bear,yellow,27,a photo of a yellow polar bear,polar_bear/yellow/seed_0027.png,76e38eb9777612a64cff88dae17d186aff8b1e5ef73dfe93d9992d777dd0f6b4
polar bear,yellow,23,a photo of a yellow polar bear,polar_bear/yellow/seed_0023.png,997a77835234430f32286000a1c1fb62c787f814fa87abdc8bc73f65aa533c96
polar bear,yellow,1,a photo of a yellow polar bear,polar_bear/yellow/seed_0001.png,fdfeba52595e39ea8cfa40964541ee13a6e0071422e73e55311c6a0469c801df
shoe,black,21,a photo of a black shoe,shoe/black/seed_0021.png,06617ff96660c0ae0651b79604cf62d9e64555637a1b6b3cac2af69c8b99c67a
shoe,black,20,a photo of a black shoe,shoe/black/seed_0020.png,aa7482222714ca49cb887168b159abcd243bb3c04bc2cffd350806c3b2431a5c
shoe,black,3,a photo of a black shoe,shoe/black/seed_0003.png,ba062de1c887194bdf221aa98b766792d3135db78cb9165ed6c954e2d7fa07d8
shoe,blue,1,a photo of a blue shoe,shoe/blue/seed_0001.png,2beb0778dde377aa123465f583cdea5aeeda128e2b254a823b900819d27142dd
shoe,blue,12,a photo of a blue shoe,shoe/blue/seed_0012.png,16739965cd2ab5959dabd4a82765d215a9ee5f0daa23876d967e8e15348116a9
shoe,blue,23,a photo of a blue shoe,shoe/blue/seed_0023.png,682e9778897390cd2503128933e104d8d2606900c2d584dfd547d5a4c52ae1e8
shoe,brown,10,a photo of a brown shoe,shoe/brown/seed_0010.png,897fb2fab1c584d647c719d326c5b14a0f651b874da3dea99ff01e2b618ffb64
shoe,brown,25,a photo of a brown shoe,shoe/brown/seed_0025.png,11197e631f01c7b01f257cc15e1ceaab85bf06926956957e95bcfef668404ee3
shoe,brown,27,a photo of a brown shoe,shoe/brown/seed_0027.png,570e48314afff2401527ac149faf6b79692683ccc212b806fe7a22e1ff56422e
shoe,green,3,a photo of a green shoe,shoe/green/seed_0003.png,c44aeef8f3805a3f01154774fc5fadc9379f838a285e8fd17502041a130b6742
shoe,green,7,a photo of a green shoe,shoe/green/seed_0007.png,f21bcd4788a0acd20b9c79e131bf259d3a60196dde0e1d7be184b588b6e3f287
shoe,green,6,a photo of a green shoe,shoe/green/seed_0006.png,8184707289e41e151567fe80a03ff5e7a66aba1d2be63984edbbb7a81a9775ec
shoe,orange,6,a photo of a orange shoe,shoe/orange/seed_0006.png,5915364c85fff18b86b7e141b72aa1e78147424f906c81aa4394dfd1680c58df
shoe,orange,17,a photo of a orange shoe,shoe/orange/seed_0017.png,201ed3ea5e6ff4b512c276a799479d572d72b95179021179d29be1ee2844dc6b
shoe,orange,14,a photo of a orange shoe,shoe/orange/seed_0014.png,4a364284e42dc7e2d0d697b22702f2b6a7951a1f243571d9a7df98e560a82947
shoe,pink,4,a photo of a pink shoe,shoe/pink/seed_0004.png,69531788ccbcdb9ecfb2c60fdca286fbab0be830eb1fcc7b19b04b56b762b492
shoe,pink,13,a photo of a pink shoe,shoe/pink/seed_0013.png,3f3cb63f14a926b0882761e680a892aea60bf727a08ef4509fbd6587eea1eb09
shoe,pink,5,a photo of a pink shoe,shoe/pink/seed_0005.png,e721e75250ecef01effa3373c44ed36beab77f4571f918b0d6ec6513cae66074
shoe,purple,8,a photo of a purple shoe,shoe/purple/seed_0008.png,5ed65dc876a822f7479073912ec8ca4d9aeded7d6e952c67ab5c1e20ab9f52fb
shoe,purple,14,a photo of a purple shoe,shoe/purple/seed_0014.png,6c61d4c4a847d03724dae496160c333e3d0c7ee5cee2b88fc579923f08c713e1
shoe,purple,7,a photo of a purple shoe,shoe/purple/seed_0007.png,a865a89b35b53343dc0f0c56283917e5830576f8680620a3ade1a6abe5fdfc3e
shoe,red,27,a photo of a red shoe,shoe/red/seed_0027.png,f792f0392e6ec3a38e9d156f6b2196d90ef4b412d55125962fc43981f6b14ec4
shoe,red,29,a photo of a red shoe,shoe/red/seed_0029.png,66fb7780edab9705068a603ad1687f41d8d386622ce5674b7a5dad101170aed9
shoe,red,2,a photo of a red shoe,shoe/red/seed_0002.png,c8ea486387ca43610f07e6d5c36a7ba90a12347b101f8a79dcfee6a48532a1e6
shoe,white,14,a photo of a white shoe,shoe/white/seed_0014.png,405180e3d17082d7257eb94a6005d8ad889c09aa70feda3bb8e46c34f9d05aa1
shoe,white,25,a photo of a white shoe,shoe/white/seed_0025.png,c4d2e7eedc46235bf214f3b228b4946264585ebf95aff1cfcd7e9f60d9f3e69d
shoe,white,27,a photo of a white shoe,shoe/white/seed_0027.png,ff7ebe361dcd4578da74669fc0a15672bd7543b33e129efda585084f347109ac
shoe,yellow,27,a photo of a yellow shoe,shoe/yellow/seed_0027.png,1e83371c8aacdd2affeab95147e1f8b378233118d4bf07c71f4efc537ed855a6
shoe,yellow,17,a photo of a yellow shoe,shoe/yellow/seed_0017.png,a0b2879b2ed3d3a4f44d458802bf6f219aba0fa413caf17c68f7bb008f463c95
shoe,yellow,3,a photo of a yellow shoe,shoe/yellow/seed_0003.png,79e00d581d58e0c185e98539ef7f42ec6b66a85e2941e5dec3d632837d1cfd14
